geo_code,geo_name,geo_type,year,population,bilingual_rate,bilingual_count,french_only_rate,french_mother_tongue_rate,french_mother_tongue_year,french_fols_rate,french_home_rate,french_work_rate
AB,Alberta,province,2021,4221835,6.12,258330,0.07,1.97,2016,1.71,0.66,0.28
BC,British Columbia,province,2021,4951660,6.6,326865,0.04,1.4,2016,1.32,0.44,0.23
CA,Canada,country,2021,36620955,17.97,6581680,11.16,21.01,2016,22.03,19.78,19.32
CA-XQ,Canada outside Quebec,special,2021,28214050,9.51,2682700,0.38,3.78,2016,3.52,2.09,
MB,Manitoba,province,2021,1326815,8.32,110435,0.13,3.43,2016,2.89,1.3,0.94
NB,New Brunswick,province,2021,764630,34.02,260125,7.87,31.91,2016,30.32,27.01,20.96
NL,Newfoundland and Labrador,province,2021,504810,5.14,25945,0.02,0.52,2016,0.45,0.21,0.34
NS,Nova Scotia,province,2021,958990,10.32,98940,0.06,3.44,2016,2.91,1.47,1.1
NT,Northwest Territories,territory,2021,40545,10.59,4295,0.25,3.06,2016,2.98,1.77,0.81
NU,Nunavut,territory,2021,36640,3.79,1390,0.16,1.71,2016,1.7,1.07,0.36
ON,Ontario,province,2021,14099790,10.78,1519365,0.28,3.96,2016,3.78,2.07,1.19
PE,Prince Edward Island,province,2021,152455,12.71,19380,0.09,3.64,2016,2.99,1.53,1.33
QC,Quebec,province,2021,8406905,46.38,3898980,47.35,78.04,2016,84.15,79.14,79.48
SK,Saskatchewan,province,2021,1116045,4.66,51970,0.04,1.51,2016,1.1,0.36,0.33
YT,Yukon,territory,2021,39840,14.21,5660,0.21,4.75,2016,4.76,2.9,1.25
