year,geo_code,geo_name,geo_type,english_and_french,english_only,french_only,neither,total,bilingual_rate,french_only_rate,english_only_rate,source_table
1951,AB,Alberta,province,40785.0,868696.0,5922.0,24098.0,939501.0,4.34,0.63,92.46,15-10-0004-01
1951,BC,British Columbia,province,39433.0,1112937.0,727.0,12113.0,1165210.0,3.38,0.06,95.51,15-10-0004-01
1951,CA,Canada,country,1727447.0,9387395.0,2741812.0,152775.0,14009429.0,12.33,19.57,67.01,15-10-0004-01
1951,CA-XQ,Canada outside Quebec,special,689317.0,8924582.0,207570.0,132279.0,9953748.0,6.93,2.09,89.66,15-10-0004-01
1951,MB,Manitoba,province,58441.0,685914.0,7869.0,24317.0,776541.0,7.53,1.01,88.33,15-10-0004-01
1951,NB,New Brunswick,province,96095.0,318560.0,100712.0,330.0,515697.0,18.63,19.53,61.77,15-10-0004-01
1951,NL,Newfoundland and Labrador,province,3990.0,356377.0,153.0,896.0,361416.0,1.1,0.04,98.61,15-10-0004-01
1951,NS,Nova Scotia,province,39524.0,595257.0,7462.0,341.0,642584.0,6.15,1.16,92.63,15-10-0004-01
1951,ON,Ontario,province,359965.0,4115584.0,78974.0,43019.0,4597542.0,7.83,1.72,89.52,15-10-0004-01
1951,PE,Prince Edward Island,province,8745.0,88743.0,914.0,27.0,98429.0,8.88,0.93,90.16,15-10-0004-01
1951,QC,Quebec,province,1038130.0,462813.0,2534242.0,20496.0,4055681.0,25.6,62.49,11.41,15-10-0004-01
1951,SK,Saskatchewan,province,40789.0,767248.0,4656.0,19035.0,831728.0,4.9,0.56,92.25,15-10-0004-01
1951,YT,Yukon,territory,519.0,8337.0,10.0,230.0,9096.0,5.71,0.11,91.66,15-10-0004-01
1961,AB,Alberta,province,56920.0,1253824.0,5534.0,15666.0,1331944.0,4.27,0.42,94.13,15-10-0004-01
1961,BC,British Columbia,province,57504.0,1552560.0,2559.0,16459.0,1629082.0,3.53,0.16,95.3,15-10-0004-01
1961,CA,Canada,country,2231172.0,12284762.0,3489866.0,232447.0,18238247.0,12.23,19.13,67.36,15-10-0004-01
1961,CA-XQ,Canada outside Quebec,special,892294.0,11676127.0,235016.0,175599.0,12979036.0,6.87,1.81,89.96,15-10-0004-01
1961,MB,Manitoba,province,68368.0,825955.0,7954.0,19409.0,921686.0,7.42,0.86,89.61,15-10-0004-01
1961,NB,New Brunswick,province,113495.0,370922.0,112054.0,1465.0,597936.0,18.98,18.74,62.03,15-10-0004-01
1961,NL,Newfoundland and Labrador,province,5299.0,450945.0,522.0,1087.0,457853.0,1.16,0.11,98.49,15-10-0004-01
1961,NS,Nova Scotia,province,44987.0,684805.0,5938.0,1277.0,737007.0,6.1,0.81,92.92,15-10-0004-01
1961,ON,Ontario,province,493270.0,5548766.0,95236.0,98820.0,6236092.0,7.91,1.53,88.98,15-10-0004-01
1961,PE,Prince Edward Island,province,7938.0,95296.0,1219.0,176.0,104629.0,7.59,1.17,91.08,15-10-0004-01
1961,QC,Quebec,province,1338878.0,608635.0,3254850.0,56848.0,5259211.0,25.46,61.89,11.57,15-10-0004-01
1961,SK,Saskatchewan,province,42074.0,865821.0,3853.0,13433.0,925181.0,4.55,0.42,93.58,15-10-0004-01
1961,YT,Yukon,territory,825.0,13679.0,38.0,86.0,14628.0,5.64,0.26,93.51,15-10-0004-01
1971,AB,Alberta,province,81000.0,1525575.0,3310.0,17990.0,1627875.0,4.98,0.2,93.72,15-10-0004-01
1971,BC,British Columbia,province,101435.0,2054690.0,1775.0,26725.0,2184625.0,4.64,0.08,94.05,15-10-0004-01
1971,CA,Canada,country,2900155.0,14469540.0,3879255.0,319360.0,21568310.0,13.45,17.99,67.09,15-10-0004-01
1971,CA-XQ,Canada outside Quebec,special,1236365.0,13837025.0,211240.0,255915.0,15540545.0,7.96,1.36,89.04,15-10-0004-01
1971,MB,Manitoba,province,80935.0,881715.0,5020.0,20585.0,988255.0,8.19,0.51,89.22,15-10-0004-01
1971,NB,New Brunswick,province,136115.0,396855.0,100985.0,600.0,634555.0,21.45,15.91,62.54,15-10-0004-01
1971,NL,Newfoundland and Labrador,province,9350.0,511620.0,510.0,625.0,522105.0,1.79,0.1,97.99,15-10-0004-01
1971,NS,Nova Scotia,province,53035.0,730700.0,4185.0,1035.0,788955.0,6.72,0.53,92.62,15-10-0004-01
1971,ON,Ontario,province,716065.0,6724100.0,92845.0,170090.0,7703100.0,9.3,1.21,87.29,15-10-0004-01
1971,PE,Prince Edward Island,province,9110.0,101820.0,680.0,30.0,111640.0,8.16,0.61,91.2,15-10-0004-01
1971,QC,Quebec,province,1663790.0,632515.0,3668015.0,63445.0,6027765.0,27.6,60.85,10.49,15-10-0004-01
1971,SK,Saskatchewan,province,45985.0,867315.0,1825.0,11110.0,926235.0,4.96,0.2,93.64,15-10-0004-01
1971,YT,Yukon,territory,1210.0,17130.0,10.0,40.0,18390.0,6.58,0.05,93.15,15-10-0004-01
1981,AB,Alberta,province,142465.0,2045060.0,3700.0,22425.0,2213650.0,6.44,0.17,92.38,15-10-0004-01
1981,BC,British Columbia,province,154170.0,2518965.0,1445.0,39035.0,2713615.0,5.68,0.05,92.83,15-10-0004-01
1981,CA,Canada,country,3681960.0,16122895.0,3987245.0,291395.0,24083495.0,15.29,16.56,66.95,15-10-0004-01
1981,CA-XQ,Canada outside Quebec,special,1616855.0,15696655.0,160640.0,240280.0,17714430.0,9.13,0.91,88.61,15-10-0004-01
1981,MB,Manitoba,province,79990.0,915760.0,2620.0,15340.0,1013710.0,7.89,0.26,90.34,15-10-0004-01
1981,NB,New Brunswick,province,182550.0,417025.0,89340.0,455.0,689370.0,26.48,12.96,60.49,15-10-0004-01
1981,NL,Newfoundland and Labrador,province,12840.0,550335.0,145.0,430.0,563750.0,2.28,0.03,97.62,15-10-0004-01
1981,NS,Nova Scotia,province,62350.0,774760.0,1880.0,805.0,839795.0,7.42,0.22,92.26,15-10-0004-01
1981,ON,Ontario,province,924475.0,7401070.0,60535.0,148185.0,8534265.0,10.83,0.71,86.72,15-10-0004-01
1981,PE,Prince Edward Island,province,9780.0,111200.0,205.0,40.0,121225.0,8.07,0.17,91.73,15-10-0004-01
1981,QC,Quebec,province,2065105.0,426240.0,3826605.0,51115.0,6369065.0,32.42,60.08,6.69,15-10-0004-01
1981,SK,Saskatchewan,province,43650.0,904900.0,705.0,7180.0,956435.0,4.56,0.07,94.61,15-10-0004-01
1981,YT,Yukon,territory,1820.0,21200.0,10.0,45.0,23075.0,7.89,0.04,91.87,15-10-0004-01
1991,AB,Alberta,province,167155.0,2318935.0,1940.0,31150.0,2519180.0,6.64,0.08,92.05,15-10-0004-01
1991,BC,British Columbia,province,207175.0,2976330.0,1140.0,62865.0,3247510.0,6.38,0.04,91.65,15-10-0004-01
1991,CA,Canada,country,4398655.0,18106760.0,4110300.0,378320.0,26994035.0,16.29,15.23,67.08,15-10-0004-01
1991,CA-XQ,Canada outside Quebec,special,1985670.0,17733005.0,151370.0,313690.0,20183735.0,9.84,0.75,87.86,15-10-0004-01
1991,MB,Manitoba,province,98800.0,965100.0,1905.0,13585.0,1079390.0,9.15,0.18,89.41,15-10-0004-01
1991,NB,New Brunswick,province,211525.0,414955.0,89500.0,515.0,716495.0,29.52,12.49,57.91,15-10-0004-01
1991,NL,Newfoundland and Labrador,province,18495.0,544425.0,240.0,780.0,563940.0,3.28,0.04,96.54,15-10-0004-01
1991,NS,Nova Scotia,province,76465.0,811870.0,1580.0,1030.0,890945.0,8.58,0.18,91.12,15-10-0004-01
1991,ON,Ontario,province,1136245.0,8593635.0,54245.0,192930.0,9977055.0,11.39,0.54,86.13,15-10-0004-01
1991,PE,Prince Edward Island,province,12950.0,114795.0,270.0,80.0,128095.0,10.11,0.21,89.62,15-10-0004-01
1991,QC,Quebec,province,2412985.0,373755.0,3958930.0,64630.0,6810300.0,35.43,58.13,5.49,15-10-0004-01
1991,SK,Saskatchewan,province,50800.0,919070.0,450.0,5715.0,976035.0,5.2,0.05,94.16,15-10-0004-01
1991,YT,Yukon,territory,2570.0,25035.0,25.0,25.0,27655.0,9.29,0.09,90.53,15-10-0004-01
1996,AB,Alberta,province,178505.0,2455075.0,1615.0,34000.0,2669195.0,6.69,0.06,91.98,15-10-0004-01
1996,BC,British Columbia,province,248590.0,3342345.0,1775.0,97040.0,3689750.0,6.74,0.05,90.58,15-10-0004-01
1996,CA,Canada,country,4841310.0,19134245.0,4079080.0,473465.0,28528100.0,16.97,14.3,67.07,15-10-0004-01
1996,CA-XQ,Canada outside Quebec,special,2180720.0,18775740.0,127370.0,399195.0,21483025.0,10.15,0.59,87.4,15-10-0004-01
1996,MB,Manitoba,province,103140.0,983820.0,1495.0,11840.0,1100295.0,9.37,0.14,89.41,15-10-0004-01
1996,NB,New Brunswick,province,237765.0,417970.0,73410.0,480.0,729625.0,32.59,10.06,57.29,15-10-0004-01
1996,NL,Newfoundland and Labrador,province,21260.0,525190.0,155.0,550.0,547155.0,3.89,0.03,95.99,15-10-0004-01
1996,NS,Nova Scotia,province,83980.0,813320.0,1375.0,1295.0,899970.0,9.33,0.15,90.37,15-10-0004-01
1996,ON,Ontario,province,1234895.0,9116165.0,46940.0,244785.0,10642785.0,11.6,0.44,85.66,15-10-0004-01
1996,PE,Prince Edward Island,province,14570.0,118080.0,170.0,35.0,132855.0,10.97,0.13,88.88,15-10-0004-01
1996,QC,Quebec,province,2660590.0,358505.0,3951710.0,74270.0,7045075.0,37.77,56.09,5.09,15-10-0004-01
1996,SK,Saskatchewan,province,50770.0,920555.0,345.0,4945.0,976615.0,5.2,0.04,94.26,15-10-0004-01
1996,YT,Yukon,territory,3210.0,27340.0,50.0,55.0,30655.0,10.47,0.16,89.19,15-10-0004-01
2001,AB,Alberta,province,202910.0,2704895.0,1890.0,31455.0,2941150.0,6.9,0.06,91.97,15-10-0004-01
2001,BC,British Columbia,province,269365.0,3493680.0,1815.0,104020.0,3868875.0,6.96,0.05,90.3,15-10-0004-01
2001,CA,Canada,country,5231575.0,20014645.0,3946525.0,446290.0,29639035.0,17.65,13.32,67.53,15-10-0004-01
2001,CA-XQ,Canada outside Quebec,special,2323875.0,19687605.0,115175.0,386800.0,22513460.0,10.32,0.51,87.45,15-10-0004-01
2001,MB,Manitoba,province,102840.0,990280.0,1245.0,9330.0,1103695.0,9.32,0.11,89.72,15-10-0004-01
2001,NB,New Brunswick,province,245865.0,406995.0,66415.0,430.0,719710.0,34.16,9.23,56.55,15-10-0004-01
2001,NL,Newfoundland and Labrador,province,20895.0,486390.0,145.0,655.0,508075.0,4.11,0.03,95.73,15-10-0004-01
2001,NS,Nova Scotia,province,90265.0,805545.0,790.0,965.0,897570.0,10.06,0.09,89.75,15-10-0004-01
2001,NT,Northwest Territories,territory,3130.0,33550.0,40.0,385.0,37100.0,8.44,0.11,90.43,15-10-0004-01
2001,NU,Nunavut,territory,1010.0,22125.0,25.0,3505.0,26665.0,3.79,0.09,82.97,15-10-0004-01
2001,ON,Ontario,province,1319715.0,9690745.0,42305.0,232780.0,11285550.0,11.69,0.37,85.87,15-10-0004-01
2001,PE,Prince Edward Island,province,15990.0,117245.0,95.0,55.0,133385.0,11.99,0.07,87.9,15-10-0004-01
2001,QC,Quebec,province,2907700.0,327040.0,3831350.0,59490.0,7125575.0,40.81,53.77,4.59,15-10-0004-01
2001,SK,Saskatchewan,province,49000.0,910645.0,355.0,3150.0,963150.0,5.09,0.04,94.55,15-10-0004-01
2001,YT,Yukon,territory,2895.0,25510.0,45.0,75.0,28520.0,10.15,0.16,89.45,15-10-0004-01
2006,AB,Alberta,province,222886.0,2990804.0,2199.0,40467.0,3256360.0,6.84,0.07,91.85,15-10-0004-01
2006,BC,British Columbia,province,295643.0,3653366.0,2071.0,123303.0,4074385.0,7.26,0.05,89.67,15-10-0004-01
2006,CA,Canada,country,5448850.0,21129945.0,4141851.0,520384.0,31241030.0,17.44,13.26,67.64,15-10-0004-01
2006,CA-XQ,Canada outside Quebec,special,2430985.0,20793160.0,130970.0,450010.0,23805125.0,10.21,0.55,87.35,15-10-0004-01
2006,MB,Manitoba,province,103523.0,1017564.0,1928.0,10499.0,1133510.0,9.13,0.17,89.77,15-10-0004-01
2006,NB,New Brunswick,province,240086.0,405045.0,73753.0,766.0,719650.0,33.36,10.25,56.28,15-10-0004-01
2006,NL,Newfoundland and Labrador,province,23678.0,475987.0,89.0,854.0,500605.0,4.73,0.02,95.08,15-10-0004-01
2006,NS,Nova Scotia,province,95011.0,805690.0,1004.0,1385.0,903090.0,10.52,0.11,89.21,15-10-0004-01
2006,NT,Northwest Territories,territory,3667.0,37011.0,52.0,326.0,41055.0,8.93,0.13,90.15,15-10-0004-01
2006,NU,Nunavut,territory,1167.0,25832.0,20.0,2306.0,29325.0,3.98,0.07,88.09,15-10-0004-01
2006,ON,Ontario,province,1377329.0,10335702.0,49209.0,266656.0,12028895.0,11.45,0.41,85.92,15-10-0004-01
2006,PE,Prince Edward Island,province,17100.0,116993.0,57.0,55.0,134205.0,12.74,0.04,87.17,15-10-0004-01
2006,QC,Quebec,province,3017863.0,336784.0,4010881.0,70375.0,7435900.0,40.59,53.94,4.53,15-10-0004-01
2006,SK,Saskatchewan,province,47451.0,902652.0,484.0,3262.0,953855.0,4.97,0.05,94.63,15-10-0004-01
2006,YT,Yukon,territory,3444.0,26514.0,104.0,130.0,30190.0,11.41,0.34,87.82,15-10-0004-01
2011,AB,Alberta,province,235565.0,3321810.0,3205.0,49600.0,3610185.0,6.53,0.09,92.01,15-10-0004-01
2011,BC,British Columbia,province,296645.0,3912950.0,2050.0,144560.0,4356205.0,6.81,0.05,89.82,15-10-0004-01
2011,CA,Canada,country,5795570.0,22564670.0,4165015.0,595920.0,33121175.0,17.5,12.58,68.13,15-10-0004-01
2011,CA-XQ,Canada outside Quebec,special,2466845.0,22200810.0,117840.0,519725.0,25305220.0,9.75,0.47,87.73,15-10-0004-01
2011,MB,Manitoba,province,103140.0,1074335.0,1490.0,14135.0,1193095.0,8.64,0.12,90.05,15-10-0004-01
2011,NB,New Brunswick,province,245890.0,426675.0,66380.0,955.0,739895.0,33.23,8.97,57.67,15-10-0004-01
2011,NL,Newfoundland and Labrador,province,23450.0,485740.0,130.0,625.0,509950.0,4.6,0.03,95.25,15-10-0004-01
2011,NS,Nova Scotia,province,93435.0,814670.0,875.0,1635.0,910620.0,10.26,0.1,89.46,15-10-0004-01
2011,NT,Northwest Territories,territory,3715.0,37040.0,45.0,235.0,41040.0,9.05,0.11,90.25,15-10-0004-01
2011,NU,Nunavut,territory,1200.0,27665.0,35.0,2860.0,31765.0,3.78,0.11,87.09,15-10-0004-01
2011,ON,Ontario,province,1395805.0,10984360.0,42980.0,298920.0,12722065.0,10.97,0.34,86.34,15-10-0004-01
2011,PE,Prince Edward Island,province,17005.0,120585.0,130.0,715.0,138435.0,12.28,0.09,87.11,15-10-0004-01
2011,QC,Quebec,province,3328725.0,363860.0,4047175.0,76195.0,7815955.0,42.59,51.78,4.66,15-10-0004-01
2011,SK,Saskatchewan,province,46570.0,965920.0,430.0,5390.0,1018310.0,4.57,0.04,94.86,15-10-0004-01
2011,YT,Yukon,territory,4420.0,29050.0,90.0,100.0,33655.0,13.13,0.27,86.32,15-10-0004-01
2016,AB,Alberta,province,264715.0,3698765.0,3895.0,59275.0,4026650.0,6.57,0.1,91.86,15-10-0004-01
2016,BC,British Columbia,province,314925.0,4127770.0,1805.0,153910.0,4598415.0,6.85,0.04,89.77,15-10-0004-01
2016,CA,Canada,country,6216070.0,23757525.0,4144685.0,648970.0,34767250.0,17.88,11.92,68.33,15-10-0004-01
2016,CA-XQ,Canada outside Quebec,special,2629660.0,23385075.0,112045.0,573910.0,26700695.0,9.85,0.42,87.58,15-10-0004-01
2016,MB,Manitoba,province,108455.0,1135395.0,1480.0,16290.0,1261620.0,8.6,0.12,90.0,15-10-0004-01
2016,NB,New Brunswick,province,249955.0,420815.0,63145.0,2370.0,736285.0,33.95,8.58,57.15,15-10-0004-01
2016,NL,Newfoundland and Labrador,province,25940.0,488800.0,115.0,820.0,515680.0,5.03,0.02,94.79,15-10-0004-01
2016,NS,Nova Scotia,province,95380.0,813480.0,705.0,2735.0,912300.0,10.45,0.08,89.17,15-10-0004-01
2016,NT,Northwest Territories,territory,4275.0,36845.0,65.0,195.0,41380.0,10.33,0.16,89.04,15-10-0004-01
2016,NU,Nunavut,territory,1525.0,32065.0,60.0,2045.0,35690.0,4.27,0.17,89.84,15-10-0004-01
2016,ON,Ontario,province,1490390.0,11455495.0,40045.0,326935.0,13312870.0,11.2,0.3,86.05,15-10-0004-01
2016,PE,Prince Edward Island,province,17835.0,121815.0,115.0,1250.0,141020.0,12.65,0.08,86.38,15-10-0004-01
2016,QC,Quebec,province,3586410.0,372450.0,4032640.0,75060.0,8066555.0,44.46,49.99,4.62,15-10-0004-01
2016,SK,Saskatchewan,province,51360.0,1023400.0,535.0,7945.0,1083240.0,4.74,0.05,94.48,15-10-0004-01
2016,YT,Yukon,territory,4900.0,30425.0,90.0,140.0,35560.0,13.78,0.25,85.56,15-10-0004-01
2021,AB,Alberta,province,258330.0,3894690.0,3105.0,65710.0,4221835.0,6.12,0.07,92.25,15-10-0004-01
2021,BC,British Columbia,province,326865.0,4461290.0,1780.0,161715.0,4951660.0,6.6,0.04,90.1,15-10-0004-01
2021,CA,Canada,country,6581680.0,25261655.0,4087890.0,689730.0,36620955.0,17.97,11.16,68.98,15-10-0004-01
2021,CA-XQ,Canada outside Quebec,special,2682700.0,24816080.0,107610.0,607655.0,28214050.0,9.51,0.38,87.96,15-10-0004-01
2021,MB,Manitoba,province,110435.0,1197535.0,1685.0,17165.0,1326815.0,8.32,0.13,90.26,15-10-0004-01
2021,NB,New Brunswick,province,260125.0,442430.0,60175.0,1900.0,764630.0,34.02,7.87,57.86,15-10-0004-01
2021,NL,Newfoundland and Labrador,province,25945.0,477900.0,125.0,835.0,504810.0,5.14,0.02,94.67,15-10-0004-01
2021,NS,Nova Scotia,province,98940.0,856205.0,600.0,3245.0,958990.0,10.32,0.06,89.28,15-10-0004-01
2021,NT,Northwest Territories,territory,4295.0,35940.0,100.0,215.0,40545.0,10.59,0.25,88.64,15-10-0004-01
2021,NU,Nunavut,territory,1390.0,33100.0,60.0,2085.0,36640.0,3.79,0.16,90.34,15-10-0004-01
2021,ON,Ontario,province,1519365.0,12196575.0,39310.0,344540.0,14099790.0,10.78,0.28,86.5,15-10-0004-01
2021,PE,Prince Edward Island,province,19380.0,131465.0,135.0,1475.0,152455.0,12.71,0.09,86.23,15-10-0004-01
2021,QC,Quebec,province,3898980.0,445575.0,3980280.0,82075.0,8406905.0,46.38,47.35,5.3,15-10-0004-01
2021,SK,Saskatchewan,province,51970.0,1055000.0,445.0,8625.0,1116045.0,4.66,0.04,94.53,15-10-0004-01
2021,YT,Yukon,territory,5660.0,33950.0,85.0,145.0,39840.0,14.21,0.21,85.22,15-10-0004-01
