year,geo_code,geo_name,geo_type,english,english_and_french,english_and_non_official,english_french_and_non_official,french,french_and_non_official,multiple_non_official,non_official,total,french_count,french_rate,source_table,theme
2021,AB,Alberta,province,2374615.0,2560.0,11690.0,140.0,6900.0,45.0,195.0,25965.0,2422110.0,6900.0,0.28,98-10-0533-01,work
2021,BC,British Columbia,province,2720275.0,2475.0,32195.0,130.0,6435.0,35.0,830.0,93525.0,2855890.0,6435.0,0.23,98-10-0533-01,work
2021,CA,Canada,country,15879850.0,321980.0,115950.0,7400.0,3986330.0,6285.0,2265.0,310460.0,20630520.0,3986330.0,19.32,98-10-0533-01,work
2021,MB,Manitoba,province,705145.0,2110.0,5020.0,35.0,6830.0,20.0,50.0,7930.0,727130.0,6830.0,0.94,98-10-0533-01,work
2021,NB,New Brunswick,province,317530.0,15610.0,595.0,35.0,88700.0,10.0,0.0,765.0,423250.0,88700.0,20.96,98-10-0533-01,work
2021,NL,Newfoundland and Labrador,province,265980.0,275.0,245.0,0.0,915.0,0.0,0.0,560.0,267970.0,915.0,0.34,98-10-0533-01,work
2021,NS,Nova Scotia,province,519545.0,1650.0,1030.0,10.0,5825.0,0.0,10.0,2340.0,530410.0,5825.0,1.1,98-10-0533-01,work
2021,NT,Northwest Territories,territory,23235.0,100.0,240.0,0.0,195.0,0.0,0.0,370.0,24145.0,195.0,0.81,98-10-0533-01,work
2021,NU,Nunavut,territory,10400.0,25.0,1830.0,0.0,55.0,0.0,0.0,2865.0,15185.0,55.0,0.36,98-10-0533-01,work
2021,ON,Ontario,province,7555160.0,46525.0,53335.0,880.0,93910.0,155.0,1055.0,134690.0,7885710.0,93910.0,1.19,98-10-0533-01,work
2021,PE,Prince Edward Island,province,87960.0,225.0,280.0,0.0,1205.0,0.0,10.0,620.0,90295.0,1205.0,1.33,98-10-0533-01,work
2021,QC,Quebec,province,668480.0,249940.0,7155.0,6165.0,3773020.0,6015.0,85.0,36250.0,4747115.0,3773020.0,79.48,98-10-0533-01,work
2021,SK,Saskatchewan,province,606550.0,395.0,2290.0,0.0,2035.0,0.0,20.0,4495.0,615790.0,2035.0,0.33,98-10-0533-01,work
2021,YT,Yukon,territory,24970.0,90.0,50.0,0.0,320.0,0.0,0.0,90.0,25515.0,320.0,1.25,98-10-0533-01,work
