year,geo_code,geo_name,geo_type,english,french,non_official,total,french_count,french_rate,english_pct,french_pct,non_official_pct,total_pct,source_table,theme
1951,AB,Alberta,province,648413.0,34196.0,256892.0,939501.0,34196.0,3.64,69.0,3.6,27.3,100.0,15-10-0003-01,mother_tongue
1951,BC,British Columbia,province,963920.0,19366.0,181924.0,1165210.0,19366.0,1.66,82.7,1.7,15.6,100.0,15-10-0003-01,mother_tongue
1951,CA,Canada,country,8280809.0,4068850.0,1659770.0,14009429.0,4068850.0,29.04,59.1,29.0,11.8,100.0,15-10-0003-01,mother_tongue
1951,CA-XQ,Canada outside Quebec,special,7722553.0,721820.0,1509375.0,9953748.0,721820.0,7.25,77.6,7.3,15.2,100.0,15-10-0003-01,mother_tongue
1951,MB,Manitoba,province,467892.0,54199.0,254450.0,776541.0,54199.0,6.98,60.3,7.0,32.8,100.0,15-10-0003-01,mother_tongue
1951,NB,New Brunswick,province,325412.0,185110.0,5175.0,515697.0,185110.0,35.9,63.1,35.9,1.0,100.0,15-10-0003-01,mother_tongue
1951,NL,Newfoundland and Labrador,province,357328.0,2321.0,1767.0,361416.0,2321.0,0.64,98.9,0.6,0.5,100.0,15-10-0003-01,mother_tongue
1951,NS,Nova Scotia,province,588610.0,38945.0,15029.0,642584.0,38945.0,6.06,91.6,6.1,2.3,100.0,15-10-0003-01,mother_tongue
1951,ON,Ontario,province,3755442.0,341502.0,500598.0,4597542.0,341502.0,7.43,81.7,7.4,10.9,100.0,15-10-0003-01,mother_tongue
1951,PE,Prince Edward Island,province,89241.0,8477.0,711.0,98429.0,8477.0,8.61,90.7,8.6,0.7,100.0,15-10-0003-01,mother_tongue
1951,QC,Quebec,province,558256.0,3347030.0,150395.0,4055681.0,3347030.0,82.53,13.8,82.5,3.7,100.0,15-10-0003-01,mother_tongue
1951,SK,Saskatchewan,province,515873.0,36815.0,279040.0,831728.0,36815.0,4.43,62.0,4.4,33.5,100.0,15-10-0003-01,mother_tongue
1951,YT,Yukon,territory,6618.0,308.0,2170.0,9096.0,308.0,3.39,72.8,3.4,23.9,100.0,15-10-0003-01,mother_tongue
1961,AB,Alberta,province,962319.0,42276.0,327349.0,1331944.0,42276.0,3.17,72.2,3.2,24.6,100.0,15-10-0003-01,mother_tongue
1961,BC,British Columbia,province,1318498.0,26179.0,284405.0,1629082.0,26179.0,1.61,80.9,1.6,17.5,100.0,15-10-0003-01,mother_tongue
1961,CA,Canada,country,10660534.0,5123151.0,2454562.0,18238247.0,5123151.0,28.09,58.5,28.1,13.5,100.0,15-10-0003-01,mother_tongue
1961,CA-XQ,Canada outside Quebec,special,9963132.0,853462.0,2162442.0,12979036.0,853462.0,6.58,76.8,6.6,16.7,100.0,15-10-0003-01,mother_tongue
1961,MB,Manitoba,province,584526.0,60899.0,276260.0,921686.0,60899.0,6.61,63.4,6.6,30.0,100.0,15-10-0003-01,mother_tongue
1961,NB,New Brunswick,province,378633.0,210530.0,8773.0,597936.0,210530.0,35.21,63.3,35.2,1.5,100.0,15-10-0003-01,mother_tongue
1961,NL,Newfoundland and Labrador,province,451530.0,3150.0,3173.0,457853.0,3150.0,0.69,98.6,0.7,0.7,100.0,15-10-0003-01,mother_tongue
1961,NS,Nova Scotia,province,680233.0,39568.0,17206.0,737007.0,39568.0,5.37,92.3,5.4,2.3,100.0,15-10-0003-01,mother_tongue
1961,ON,Ontario,province,4834623.0,425302.0,976167.0,6236092.0,425302.0,6.82,77.5,6.8,15.7,100.0,15-10-0003-01,mother_tongue
1961,PE,Prince Edward Island,province,95564.0,7958.0,1107.0,104629.0,7958.0,7.61,91.3,7.6,1.1,100.0,15-10-0003-01,mother_tongue
1961,QC,Quebec,province,697402.0,4269689.0,292120.0,5259211.0,4269689.0,81.18,13.3,81.2,5.6,100.0,15-10-0003-01,mother_tongue
1961,SK,Saskatchewan,province,638156.0,36163.0,250862.0,925181.0,36163.0,3.91,69.0,3.9,27.1,100.0,15-10-0003-01,mother_tongue
1961,YT,Yukon,territory,10869.0,443.0,3316.0,14628.0,443.0,3.03,74.3,3.0,22.7,100.0,15-10-0003-01,mother_tongue
1971,AB,Alberta,province,1262840.0,46750.0,318285.0,1627875.0,46750.0,2.87,77.6,2.9,19.5,100.0,15-10-0003-01,mother_tongue
1971,BC,British Columbia,province,1807240.0,38035.0,339350.0,2184625.0,38035.0,1.74,82.7,1.7,15.5,100.0,15-10-0003-01,mother_tongue
1971,CA,Canada,country,12967445.0,5792710.0,2808155.0,21568310.0,5792710.0,26.86,60.1,26.9,13.0,100.0,15-10-0003-01,mother_tongue
1971,CA-XQ,Canada outside Quebec,special,12178610.0,926295.0,2435640.0,15540545.0,926295.0,5.96,78.4,6.0,15.7,100.0,15-10-0003-01,mother_tongue
1971,MB,Manitoba,province,662130.0,60485.0,265630.0,988245.0,60485.0,6.12,67.0,6.1,26.8,100.0,15-10-0003-01,mother_tongue
1971,NB,New Brunswick,province,411275.0,214720.0,8565.0,634560.0,214720.0,33.84,64.8,33.8,1.3,100.0,15-10-0003-01,mother_tongue
1971,NL,Newfoundland and Labrador,province,514415.0,3610.0,4080.0,522105.0,3610.0,0.69,98.5,0.7,0.8,100.0,15-10-0003-01,mother_tongue
1971,NS,Nova Scotia,province,733195.0,39585.0,16180.0,788960.0,39585.0,5.02,93.0,5.0,2.1,100.0,15-10-0003-01,mother_tongue
1971,ON,Ontario,province,5967725.0,482350.0,1253035.0,7703110.0,482350.0,6.26,77.5,6.3,16.3,100.0,15-10-0003-01,mother_tongue
1971,PE,Prince Edward Island,province,103115.0,7360.0,1165.0,111640.0,7360.0,6.59,92.4,6.6,1.1,100.0,15-10-0003-01,mother_tongue
1971,QC,Quebec,province,788830.0,4866410.0,372525.0,6027765.0,4866410.0,80.73,13.1,80.7,6.2,100.0,15-10-0003-01,mother_tongue
1971,SK,Saskatchewan,province,685025.0,31795.0,209425.0,926245.0,31795.0,3.43,74.0,3.4,22.6,100.0,15-10-0003-01,mother_tongue
1971,YT,Yukon,territory,15340.0,450.0,2600.0,18390.0,450.0,2.45,83.4,2.4,14.1,100.0,15-10-0003-01,mother_tongue
1981,AB,Alberta,province,1800870.0,60605.0,352165.0,2213640.0,60605.0,2.74,81.4,2.7,15.9,100.0,15-10-0003-01,mother_tongue
1981,BC,British Columbia,province,2228185.0,43415.0,442025.0,2713620.0,43415.0,1.6,82.1,1.6,16.3,100.0,15-10-0003-01,mother_tongue
1981,CA,Canada,country,14784810.0,6177795.0,3120900.0,24083505.0,6177795.0,25.65,61.4,25.7,13.0,100.0,15-10-0003-01,mother_tongue
1981,CA-XQ,Canada outside Quebec,special,14091215.0,923605.0,2699635.0,17714450.0,923605.0,5.21,79.5,5.2,15.2,100.0,15-10-0003-01,mother_tongue
1981,MB,Manitoba,province,731500.0,51620.0,230575.0,1013700.0,51620.0,5.09,72.2,5.1,22.7,100.0,15-10-0003-01,mother_tongue
1981,NB,New Brunswick,province,448885.0,231970.0,8515.0,689370.0,231970.0,33.65,65.1,33.6,1.2,100.0,15-10-0003-01,mother_tongue
1981,NL,Newfoundland and Labrador,province,557040.0,2580.0,4125.0,563745.0,2580.0,0.46,98.8,0.5,0.7,100.0,15-10-0003-01,mother_tongue
1981,NS,Nova Scotia,province,786725.0,35385.0,17695.0,839800.0,35385.0,4.21,93.7,4.2,2.1,100.0,15-10-0003-01,mother_tongue
1981,ON,Ontario,province,6611990.0,465335.0,1456940.0,8534260.0,465335.0,5.45,77.5,5.5,17.1,100.0,15-10-0003-01,mother_tongue
1981,PE,Prince Edward Island,province,114095.0,5835.0,1295.0,121220.0,5835.0,4.81,94.1,4.8,1.1,100.0,15-10-0003-01,mother_tongue
1981,QC,Quebec,province,693600.0,5254195.0,421265.0,6369055.0,5254195.0,82.5,10.9,82.5,6.6,100.0,15-10-0003-01,mother_tongue
1981,SK,Saskatchewan,province,767110.0,25090.0,164250.0,956445.0,25090.0,2.62,80.2,2.6,17.2,100.0,15-10-0003-01,mother_tongue
1981,YT,Yukon,territory,20185.0,530.0,2365.0,23080.0,530.0,2.3,87.5,2.3,10.2,100.0,15-10-0003-01,mother_tongue
1991,AB,Alberta,province,2045905.0,56730.0,416550.0,2519185.0,56730.0,2.25,81.2,2.3,16.5,100.0,15-10-0003-01,mother_tongue
1991,BC,British Columbia,province,2562240.0,51585.0,633665.0,3247495.0,51585.0,1.59,78.9,1.6,19.5,100.0,15-10-0003-01,mother_tongue
1991,CA,Canada,country,16311210.0,6562065.0,4120770.0,26994040.0,6562065.0,24.31,60.4,24.3,15.3,100.0,15-10-0003-01,mother_tongue
1991,CA-XQ,Canada outside Quebec,special,15685005.0,976415.0,3522315.0,20183735.0,976415.0,4.84,77.7,4.8,17.5,100.0,15-10-0003-01,mother_tongue
1991,MB,Manitoba,province,793325.0,50775.0,235285.0,1079390.0,50775.0,4.7,73.5,4.7,21.8,100.0,15-10-0003-01,mother_tongue
1991,NB,New Brunswick,province,462875.0,243690.0,9935.0,716500.0,243690.0,34.01,64.6,34.0,1.4,100.0,15-10-0003-01,mother_tongue
1991,NL,Newfoundland and Labrador,province,555925.0,2855.0,5140.0,563925.0,2855.0,0.51,98.6,0.5,0.9,100.0,15-10-0003-01,mother_tongue
1991,NS,Nova Scotia,province,831575.0,37525.0,21845.0,890945.0,37525.0,4.21,93.3,4.2,2.5,100.0,15-10-0003-01,mother_tongue
1991,ON,Ontario,province,7443540.0,503345.0,2030170.0,9977055.0,503345.0,5.05,74.6,5.0,20.3,100.0,15-10-0003-01,mother_tongue
1991,PE,Prince Edward Island,province,120770.0,5750.0,1585.0,128100.0,5750.0,4.49,94.3,4.5,1.2,100.0,15-10-0003-01,mother_tongue
1991,QC,Quebec,province,626200.0,5585650.0,598455.0,6810305.0,5585650.0,82.02,9.2,82.0,8.8,100.0,15-10-0003-01,mother_tongue
1991,SK,Saskatchewan,province,812600.0,21795.0,141645.0,976040.0,21795.0,2.23,83.3,2.2,14.5,100.0,15-10-0003-01,mother_tongue
1991,YT,Yukon,territory,24550.0,905.0,2210.0,27665.0,905.0,3.27,88.7,3.3,8.0,100.0,15-10-0003-01,mother_tongue
1996,AB,Alberta,province,2175758.0,55290.0,438148.0,2669195.0,55290.0,2.07,81.5,2.0,16.4,100.0,15-10-0003-01,mother_tongue
1996,BC,British Columbia,province,2809398.0,56755.0,823603.0,3689755.0,56755.0,1.54,76.1,1.5,22.3,100.0,15-10-0003-01,mother_tongue
1996,CA,Canada,country,17072432.0,6711644.0,4744059.0,28528130.0,6711644.0,23.53,59.8,23.5,16.6,100.0,15-10-0003-01,mother_tongue
1996,CA-XQ,Canada outside Quebec,special,16450574.0,970207.0,4062269.0,21483045.0,970207.0,4.52,76.6,4.5,18.9,100.0,15-10-0003-01,mother_tongue
1996,MB,Manitoba,province,822258.0,49100.0,228940.0,1100295.0,49100.0,4.46,74.7,4.5,20.8,100.0,15-10-0003-01,mother_tongue
1996,NB,New Brunswick,province,476396.0,242408.0,10826.0,729630.0,242408.0,33.22,65.3,33.2,1.5,100.0,15-10-0003-01,mother_tongue
1996,NL,Newfoundland and Labrador,province,539048.0,2440.0,5663.0,547160.0,2440.0,0.45,98.5,0.4,1.0,100.0,15-10-0003-01,mother_tongue
1996,NS,Nova Scotia,province,838283.0,36311.0,25376.0,899970.0,36311.0,4.03,93.1,4.0,2.8,100.0,15-10-0003-01,mother_tongue
1996,ON,Ontario,province,7777734.0,499689.0,2365367.0,10642790.0,499689.0,4.7,73.1,4.7,22.2,100.0,15-10-0003-01,mother_tongue
1996,PE,Prince Edward Island,province,125017.0,5722.0,2137.0,132860.0,5722.0,4.31,94.1,4.3,1.6,100.0,15-10-0003-01,mother_tongue
1996,QC,Quebec,province,621858.0,5741438.0,681790.0,7045085.0,5741438.0,81.5,8.8,81.5,9.7,100.0,15-10-0003-01,mother_tongue
1996,SK,Saskatchewan,province,823746.0,19901.0,132968.0,976615.0,19901.0,2.04,84.3,2.0,13.6,100.0,15-10-0003-01,mother_tongue
1996,YT,Yukon,territory,26613.0,1170.0,2868.0,30650.0,1170.0,3.82,86.8,3.8,9.4,100.0,15-10-0003-01,mother_tongue
2001,AB,Alberta,province,2395773.0,62241.0,483136.0,2941150.0,62241.0,2.12,81.5,2.1,16.4,100.0,15-10-0003-01,mother_tongue
2001,BC,British Columbia,province,2849181.0,58893.0,960806.0,3868875.0,58893.0,1.52,73.6,1.5,24.8,100.0,15-10-0003-01,mother_tongue
2001,CA,Canada,country,17521897.0,6782294.0,5334849.0,29639035.0,6782294.0,22.88,59.1,22.9,18.0,100.0,15-10-0003-01,mother_tongue
2001,CA-XQ,Canada outside Quebec,special,16930519.0,980272.0,4602674.0,22513460.0,980272.0,4.35,75.2,4.4,20.4,100.0,15-10-0003-01,mother_tongue
2001,MB,Manitoba,province,831819.0,45932.0,225949.0,1103695.0,45932.0,4.16,75.4,4.2,20.5,100.0,15-10-0003-01,mother_tongue
2001,NB,New Brunswick,province,468084.0,239357.0,12274.0,719710.0,239357.0,33.26,65.0,33.3,1.7,100.0,15-10-0003-01,mother_tongue
2001,NL,Newfoundland and Labrador,province,500076.0,2348.0,5656.0,508075.0,2348.0,0.46,98.4,0.5,1.1,100.0,15-10-0003-01,mother_tongue
2001,NS,Nova Scotia,province,834777.0,35377.0,27412.0,897570.0,35377.0,3.94,93.0,3.9,3.1,100.0,15-10-0003-01,mother_tongue
2001,NT,Northwest Territories,territory,28863.0,1006.0,7246.0,37100.0,1006.0,2.71,77.8,2.7,19.5,100.0,15-10-0003-01,mother_tongue
2001,NU,Nunavut,territory,7170.0,405.0,19090.0,26665.0,405.0,1.52,26.9,1.5,71.6,100.0,15-10-0003-01,mother_tongue
2001,ON,Ontario,province,8041997.0,509264.0,2734289.0,11285550.0,509264.0,4.51,71.3,4.5,24.2,100.0,15-10-0003-01,mother_tongue
2001,PE,Prince Edward Island,province,125390.0,5885.0,2110.0,133385.0,5885.0,4.41,94.0,4.4,1.6,100.0,15-10-0003-01,mother_tongue
2001,QC,Quebec,province,591378.0,5802022.0,732175.0,7125575.0,5802022.0,81.43,8.3,81.4,10.3,100.0,15-10-0003-01,mother_tongue
2001,SK,Saskatchewan,province,822636.0,18633.0,121886.0,963150.0,18633.0,1.93,85.4,1.9,12.7,100.0,15-10-0003-01,mother_tongue
2001,YT,Yukon,territory,24758.0,932.0,2830.0,28520.0,932.0,3.27,86.8,3.3,9.9,100.0,15-10-0003-01,mother_tongue
2006,AB,Alberta,province,2593395.0,64750.0,598215.0,3256360.0,64750.0,1.99,79.6,2.0,18.4,100.0,15-10-0003-01,mother_tongue
2006,BC,British Columbia,province,2900885.0,58890.0,1114605.0,4074385.0,58890.0,1.45,71.2,1.4,27.4,100.0,15-10-0003-01,mother_tongue
2006,CA,Canada,country,18055685.0,6892230.0,6293110.0,31241030.0,6892230.0,22.06,57.8,22.1,20.1,100.0,15-10-0003-01,mother_tongue
2006,CA-XQ,Canada outside Quebec,special,17448525.0,975390.0,5381210.0,23805125.0,975390.0,4.1,73.3,4.1,22.6,100.0,15-10-0003-01,mother_tongue
2006,MB,Manitoba,province,845595.0,45520.0,242400.0,1133510.0,45520.0,4.02,74.6,4.0,21.4,100.0,15-10-0003-01,mother_tongue
2006,NB,New Brunswick,province,465710.0,235270.0,18665.0,719650.0,235270.0,32.69,64.7,32.7,2.6,100.0,15-10-0003-01,mother_tongue
2006,NL,Newfoundland and Labrador,province,488775.0,2055.0,9775.0,500605.0,2055.0,0.41,97.6,0.4,2.0,100.0,15-10-0003-01,mother_tongue
2006,NS,Nova Scotia,province,833920.0,33705.0,35460.0,903090.0,33705.0,3.73,92.3,3.7,3.9,100.0,15-10-0003-01,mother_tongue
2006,NT,Northwest Territories,territory,31730.0,1000.0,8325.0,41055.0,1000.0,2.44,77.3,2.4,20.3,100.0,15-10-0003-01,mother_tongue
2006,NU,Nunavut,territory,7905.0,390.0,21025.0,29325.0,390.0,1.33,27.0,1.3,71.7,100.0,15-10-0003-01,mother_tongue
2006,ON,Ontario,province,8313880.0,510240.0,3204770.0,12028895.0,510240.0,4.24,69.1,4.2,26.6,100.0,15-10-0003-01,mother_tongue
2006,PE,Prince Edward Island,province,125565.0,5610.0,3025.0,134205.0,5610.0,4.18,93.6,4.2,2.3,100.0,15-10-0003-01,mother_tongue
2006,QC,Quebec,province,607165.0,5916840.0,911895.0,7435900.0,5916840.0,79.57,8.2,79.6,12.3,100.0,15-10-0003-01,mother_tongue
2006,SK,Saskatchewan,province,815380.0,16790.0,121675.0,953855.0,16790.0,1.76,85.5,1.8,12.8,100.0,15-10-0003-01,mother_tongue
2006,YT,Yukon,territory,25775.0,1165.0,3250.0,30190.0,1165.0,3.86,85.4,3.9,10.8,100.0,15-10-0003-01,mother_tongue
2011,AB,Alberta,province,2809785.0,74620.0,725780.0,3610185.0,74620.0,2.07,77.8,2.1,20.1,100.0,15-10-0003-01,mother_tongue
2011,BC,British Columbia,province,3101645.0,63760.0,1190800.0,4356205.0,63760.0,1.46,71.2,1.5,27.3,100.0,15-10-0003-01,mother_tongue
2011,CA,Canada,country,19137520.0,7172560.0,6811095.0,33121175.0,7172560.0,21.66,57.8,21.7,20.6,100.0,15-10-0003-01,mother_tongue
2011,CA-XQ,Canada outside Quebec,special,18489860.0,1007815.0,5807545.0,25305220.0,1007815.0,3.98,73.1,4.0,22.9,100.0,15-10-0003-01,mother_tongue
2011,MB,Manitoba,province,881475.0,44815.0,266800.0,1193095.0,44815.0,3.76,73.9,3.8,22.4,100.0,15-10-0003-01,mother_tongue
2011,NB,New Brunswick,province,483815.0,236975.0,19110.0,739895.0,236975.0,32.03,65.4,32.0,2.6,100.0,15-10-0003-01,mother_tongue
2011,NL,Newfoundland and Labrador,province,498095.0,2745.0,9110.0,509950.0,2745.0,0.54,97.7,0.5,1.8,100.0,15-10-0003-01,mother_tongue
2011,NS,Nova Scotia,province,839075.0,32825.0,38720.0,910620.0,32825.0,3.6,92.1,3.6,4.3,100.0,15-10-0003-01,mother_tongue
2011,NT,Northwest Territories,territory,31640.0,1125.0,8275.0,41040.0,1125.0,2.74,77.1,2.7,20.2,100.0,15-10-0003-01,mother_tongue
2011,NU,Nunavut,territory,9090.0,440.0,22235.0,31765.0,440.0,1.39,28.6,1.4,70.0,100.0,15-10-0003-01,mother_tongue
2011,ON,Ontario,province,8812595.0,525960.0,3383510.0,12722065.0,525960.0,4.13,69.3,4.1,26.6,100.0,15-10-0003-01,mother_tongue
2011,PE,Prince Edward Island,province,127990.0,5435.0,5010.0,138435.0,5435.0,3.93,92.5,3.9,3.6,100.0,15-10-0003-01,mother_tongue
2011,QC,Quebec,province,647660.0,6164745.0,1003550.0,7815955.0,6164745.0,78.87,8.3,78.9,12.8,100.0,15-10-0003-01,mother_tongue
2011,SK,Saskatchewan,province,866345.0,17580.0,134390.0,1018310.0,17580.0,1.73,85.1,1.7,13.2,100.0,15-10-0003-01,mother_tongue
2011,YT,Yukon,territory,28310.0,1540.0,3805.0,33655.0,1540.0,4.58,84.1,4.6,11.3,100.0,15-10-0003-01,mother_tongue
2016,AB,Alberta,province,3035905.0,79150.0,911595.0,4026650.0,79150.0,1.97,75.4,2.0,22.6,100.0,15-10-0003-01,mother_tongue
2016,BC,British Columbia,province,3220415.0,64210.0,1313785.0,4598415.0,64210.0,1.4,70.0,1.4,28.6,100.0,15-10-0003-01,mother_tongue
2016,CA,Canada,country,19821440.0,7303740.0,7642070.0,34767250.0,7303740.0,21.01,57.0,21.0,22.0,100.0,15-10-0003-01,mother_tongue
2016,CA-XQ,Canada outside Quebec,special,19164360.0,1008365.0,6527975.0,26700695.0,1008365.0,3.78,71.8,3.8,24.4,100.0,15-10-0003-01,mother_tongue
2016,MB,Manitoba,province,915930.0,43215.0,302475.0,1261620.0,43215.0,3.43,72.6,3.4,24.0,100.0,15-10-0003-01,mother_tongue
2016,NB,New Brunswick,province,477180.0,234965.0,24130.0,736285.0,234965.0,31.91,64.8,31.9,3.3,100.0,15-10-0003-01,mother_tongue
2016,NL,Newfoundland and Labrador,province,500525.0,2690.0,12475.0,515680.0,2690.0,0.52,97.1,0.5,2.4,100.0,15-10-0003-01,mother_tongue
2016,NS,Nova Scotia,province,834105.0,31375.0,46820.0,912300.0,31375.0,3.44,91.4,3.4,5.1,100.0,15-10-0003-01,mother_tongue
2016,NT,Northwest Territories,territory,32150.0,1265.0,7960.0,41380.0,1265.0,3.06,77.7,3.1,19.2,100.0,15-10-0003-01,mother_tongue
2016,NU,Nunavut,territory,11380.0,610.0,23695.0,35690.0,610.0,1.71,31.9,1.7,66.4,100.0,15-10-0003-01,mother_tongue
2016,ON,Ontario,province,9077155.0,527690.0,3708015.0,13312870.0,527690.0,3.96,68.2,4.0,27.9,100.0,15-10-0003-01,mother_tongue
2016,PE,Prince Edward Island,province,128485.0,5130.0,7410.0,141020.0,5130.0,3.64,91.1,3.6,5.3,100.0,15-10-0003-01,mother_tongue
2016,QC,Quebec,province,657080.0,6295380.0,1114095.0,8066555.0,6295380.0,78.04,8.1,78.0,13.8,100.0,15-10-0003-01,mother_tongue
2016,SK,Saskatchewan,province,901690.0,16375.0,165170.0,1083240.0,16375.0,1.51,83.2,1.5,15.2,100.0,15-10-0003-01,mother_tongue
2016,YT,Yukon,territory,29440.0,1690.0,4435.0,35560.0,1690.0,4.75,82.8,4.8,12.5,100.0,15-10-0003-01,mother_tongue
