year,geo_code,geo_name,geo_type,english,french,neither,total,french_count,french_rate,english_pct,french_pct,neither_pct,total_pct,source_table,theme
1971,AB,Alberta,province,1561396.0,48488.0,17991.0,1627874.0,48488.0,2.98,95.9,3.0,1.1,100.0,15-10-0032-01,fols
1971,BC,British Columbia,province,2117129.0,40768.0,26725.0,2184621.0,40768.0,1.87,96.9,1.9,1.2,100.0,15-10-0032-01,fols
1971,CA,Canada,country,15321275.0,5927675.0,319361.0,21568311.0,5927675.0,27.48,71.0,27.5,1.5,100.0,15-10-0032-01,fols
1971,CA-XQ,Canada outside Quebec,special,14328907.0,955723.0,255917.0,15540547.0,955723.0,6.15,92.2,6.1,1.6,100.0,15-10-0032-01,fols
1971,MB,Manitoba,province,905486.0,62177.0,20584.0,988247.0,62177.0,6.29,91.6,6.3,2.1,100.0,15-10-0032-01,fols
1971,NB,New Brunswick,province,418829.0,215129.0,600.0,634557.0,215129.0,33.9,66.0,33.9,0.1,100.0,15-10-0032-01,fols
1971,NL,Newfoundland and Labrador,province,517789.0,3691.0,624.0,522104.0,3691.0,0.71,99.2,0.7,0.1,100.0,15-10-0032-01,fols
1971,NS,Nova Scotia,province,748126.0,39802.0,1033.0,788960.0,39802.0,5.04,94.8,5.0,0.1,100.0,15-10-0032-01,fols
1971,ON,Ontario,province,7028965.0,504049.0,170093.0,7703106.0,504049.0,6.54,91.2,6.5,2.2,100.0,15-10-0032-01,fols
1971,PE,Prince Edward Island,province,104238.0,7373.0,31.0,111641.0,7373.0,6.6,93.4,6.6,0.0,100.0,15-10-0032-01,fols
1971,QC,Quebec,province,992368.0,4971952.0,63444.0,6027764.0,4971952.0,82.48,16.5,82.5,1.1,100.0,15-10-0032-01,fols
1971,SK,Saskatchewan,province,882580.0,32551.0,11112.0,926242.0,32551.0,3.51,95.3,3.5,1.2,100.0,15-10-0032-01,fols
1971,YT,Yukon,territory,17882.0,468.0,38.0,18388.0,468.0,2.55,97.2,2.5,0.2,100.0,15-10-0032-01,fols
1981,AB,Alberta,province,2135929.0,56786.0,20937.0,2213651.0,56786.0,2.57,96.5,2.6,0.9,100.0,15-10-0032-01,fols
1981,BC,British Columbia,province,2636283.0,40093.0,37239.0,2713615.0,40093.0,1.48,97.2,1.5,1.4,100.0,15-10-0032-01,fols
1981,CA,Canada,country,17465879.0,6338869.0,278749.0,24083496.0,6338869.0,26.32,72.5,26.3,1.2,100.0,15-10-0032-01,fols
1981,CA-XQ,Canada outside Quebec,special,16576267.0,908320.0,229841.0,17714428.0,908320.0,5.13,93.6,5.1,1.3,100.0,15-10-0032-01,fols
1981,MB,Manitoba,province,949944.0,49086.0,14675.0,1013703.0,49086.0,4.84,93.7,4.8,1.4,100.0,15-10-0032-01,fols
1981,NB,New Brunswick,province,457525.0,231433.0,416.0,689373.0,231433.0,33.57,66.4,33.6,0.1,100.0,15-10-0032-01,fols
1981,NL,Newfoundland and Labrador,province,561086.0,2284.0,378.0,563747.0,2284.0,0.41,99.5,0.4,0.1,100.0,15-10-0032-01,fols
1981,NS,Nova Scotia,province,805575.0,33469.0,758.0,839801.0,33469.0,3.99,95.9,4.0,0.1,100.0,15-10-0032-01,fols
1981,ON,Ontario,province,7926216.0,465829.0,142219.0,8534263.0,465829.0,5.46,92.9,5.5,1.7,100.0,15-10-0032-01,fols
1981,PE,Prince Edward Island,province,115960.0,5227.0,37.0,121223.0,5227.0,4.31,95.7,4.3,0.0,100.0,15-10-0032-01,fols
1981,QC,Quebec,province,889612.0,5430549.0,48907.0,6369068.0,5430549.0,85.26,14.0,85.3,0.8,100.0,15-10-0032-01,fols
1981,SK,Saskatchewan,province,927105.0,22483.0,6854.0,956441.0,22483.0,2.35,96.9,2.4,0.7,100.0,15-10-0032-01,fols
1981,YT,Yukon,territory,22552.0,483.0,40.0,23074.0,483.0,2.09,97.7,2.1,0.2,100.0,15-10-0032-01,fols
1991,AB,Alberta,province,2436275.0,53280.0,29635.0,2519180.0,53280.0,2.11,96.7,2.1,1.2,100.0,15-10-0032-01,fols
1991,BC,British Columbia,province,3137113.0,49543.0,60850.0,3247505.0,49543.0,1.53,96.6,1.5,1.9,100.0,15-10-0032-01,fols
1991,CA,Canada,country,19817910.0,6813215.0,362910.0,26994035.0,6813215.0,25.24,73.4,25.2,1.3,100.0,15-10-0032-01,fols
1991,CA-XQ,Canada outside Quebec,special,18913613.0,968785.0,301345.0,20183735.0,968785.0,4.8,93.7,4.8,1.5,100.0,15-10-0032-01,fols
1991,MB,Manitoba,province,1018633.0,47798.0,12965.0,1079395.0,47798.0,4.43,94.4,4.4,1.2,100.0,15-10-0032-01,fols
1991,NB,New Brunswick,province,473415.0,242630.0,455.0,716495.0,242630.0,33.86,66.1,33.9,0.1,100.0,15-10-0032-01,fols
1991,NL,Newfoundland and Labrador,province,560533.0,2678.0,725.0,563940.0,2678.0,0.47,99.4,0.5,0.1,100.0,15-10-0032-01,fols
1991,NS,Nova Scotia,province,854098.0,35888.0,970.0,890950.0,35888.0,4.03,95.9,4.0,0.1,100.0,15-10-0032-01,fols
1991,ON,Ontario,province,9282070.0,509650.0,185335.0,9977050.0,509650.0,5.11,93.0,5.1,1.9,100.0,15-10-0032-01,fols
1991,PE,Prince Edward Island,province,122763.0,5278.0,55.0,128100.0,5278.0,4.12,95.8,4.1,0.0,100.0,15-10-0032-01,fols
1991,QC,Quebec,province,904305.0,5844433.0,61565.0,6810300.0,5844433.0,85.82,13.3,85.8,0.9,100.0,15-10-0032-01,fols
1991,SK,Saskatchewan,province,950838.0,19803.0,5395.0,976040.0,19803.0,2.03,97.4,2.0,0.6,100.0,15-10-0032-01,fols
1991,YT,Yukon,territory,26780.0,850.0,25.0,27660.0,850.0,3.07,96.8,3.1,0.1,100.0,15-10-0032-01,fols
1996,AB,Alberta,province,2583785.0,52500.0,32910.0,2669195.0,52500.0,1.97,96.8,2.0,1.2,100.0,15-10-0032-01,fols
1996,BC,British Columbia,province,3538505.0,56305.0,94945.0,3689755.0,56305.0,1.53,95.9,1.5,2.6,100.0,15-10-0032-01,fols
1996,CA,Canada,country,21048945.0,7018055.0,461125.0,28528125.0,7018055.0,24.6,73.8,24.6,1.6,100.0,15-10-0032-01,fols
1996,CA-XQ,Canada outside Quebec,special,20123110.0,970650.0,389280.0,21483040.0,970650.0,4.52,93.7,4.5,1.8,100.0,15-10-0032-01,fols
1996,MB,Manitoba,province,1042235.0,46575.0,11490.0,1100290.0,46575.0,4.23,94.7,4.2,1.0,100.0,15-10-0032-01,fols
1996,NB,New Brunswick,province,488183.0,241043.0,405.0,729630.0,241043.0,33.04,66.9,33.0,0.1,100.0,15-10-0032-01,fols
1996,NL,Newfoundland and Labrador,province,544453.0,2278.0,435.0,547160.0,2278.0,0.42,99.5,0.4,0.1,100.0,15-10-0032-01,fols
1996,NS,Nova Scotia,province,864240.0,34610.0,1115.0,899970.0,34610.0,3.85,96.0,3.8,0.1,100.0,15-10-0032-01,fols
1996,ON,Ontario,province,9891930.0,511800.0,239060.0,10642790.0,511800.0,4.81,92.9,4.8,2.2,100.0,15-10-0032-01,fols
1996,PE,Prince Edward Island,province,127485.0,5330.0,30.0,132855.0,5330.0,4.01,96.0,4.0,0.0,100.0,15-10-0032-01,fols
1996,QC,Quebec,province,925835.0,6047405.0,71845.0,7045085.0,6047405.0,85.84,13.1,85.8,1.0,100.0,15-10-0032-01,fols
1996,SK,Saskatchewan,province,954180.0,17715.0,4720.0,976615.0,17715.0,1.81,97.7,1.8,0.5,100.0,15-10-0032-01,fols
1996,YT,Yukon,territory,29490.0,1115.0,45.0,30655.0,1115.0,3.64,96.2,3.6,0.1,100.0,15-10-0032-01,fols
2001,AB,Alberta,province,2851998.0,58833.0,30360.0,2941190.0,58833.0,2.0,97.0,2.0,1.0,100.0,15-10-0032-01,fols
2001,BC,British Columbia,province,3707780.0,59365.0,101725.0,3868870.0,59365.0,1.53,95.8,1.5,2.6,100.0,15-10-0032-01,fols
2001,CA,Canada,country,22068573.0,7136998.0,433480.0,29639050.0,7136998.0,24.08,74.5,24.1,1.5,100.0,15-10-0032-01,fols
2001,CA-XQ,Canada outside Quebec,special,21149615.0,987690.0,376210.0,22513515.0,987690.0,4.39,93.9,4.4,1.7,100.0,15-10-0032-01,fols
2001,MB,Manitoba,province,1051280.0,43380.0,9050.0,1103710.0,43380.0,3.93,95.2,3.9,0.8,100.0,15-10-0032-01,fols
2001,NB,New Brunswick,province,480918.0,238448.0,345.0,719710.0,238448.0,33.13,66.8,33.1,0.0,100.0,15-10-0032-01,fols
2001,NL,Newfoundland and Labrador,province,505430.0,2095.0,565.0,508090.0,2095.0,0.41,99.5,0.4,0.1,100.0,15-10-0032-01,fols
2001,NS,Nova Scotia,province,862983.0,33763.0,840.0,897585.0,33763.0,3.76,96.1,3.8,0.1,100.0,15-10-0032-01,fols
2001,NT,Northwest Territories,territory,35830.0,930.0,385.0,37145.0,930.0,2.5,96.5,2.5,1.0,100.0,15-10-0032-01,fols
2001,NU,Nunavut,territory,22760.0,430.0,3475.0,26665.0,430.0,1.61,85.4,1.6,13.0,100.0,15-10-0032-01,fols
2001,ON,Ontario,province,10531490.0,527725.0,226370.0,11285585.0,527725.0,4.68,93.3,4.7,2.0,100.0,15-10-0032-01,fols
2001,PE,Prince Edward Island,province,128068.0,5288.0,35.0,133390.0,5288.0,3.96,96.0,4.0,0.0,100.0,15-10-0032-01,fols
2001,QC,Quebec,province,918953.0,6149313.0,57290.0,7125555.0,6149313.0,86.3,12.9,86.3,0.8,100.0,15-10-0032-01,fols
2001,SK,Saskatchewan,province,943578.0,16538.0,3000.0,963115.0,16538.0,1.72,98.0,1.7,0.3,100.0,15-10-0032-01,fols
2001,YT,Yukon,territory,27575.0,880.0,60.0,28515.0,880.0,3.09,96.7,3.1,0.2,100.0,15-10-0032-01,fols
2006,AB,Alberta,province,3154380.0,62785.0,39185.0,3256355.0,62785.0,1.93,96.9,1.9,1.2,100.0,15-10-0032-01,fols
2006,BC,British Columbia,province,3891890.0,61735.0,120760.0,4074385.0,61735.0,1.52,95.5,1.5,3.0,100.0,15-10-0032-01,fols
2006,CA,Canada,country,23363053.0,7370353.0,507620.0,31241030.0,7370353.0,23.59,74.8,23.6,1.6,100.0,15-10-0032-01,fols
2006,CA-XQ,Canada outside Quebec,special,22368330.0,997125.0,439665.0,23805125.0,997125.0,4.19,94.0,4.2,1.8,100.0,15-10-0032-01,fols
2006,MB,Manitoba,province,1080228.0,43123.0,10165.0,1133515.0,43123.0,3.8,95.3,3.8,0.9,100.0,15-10-0032-01,fols
2006,NB,New Brunswick,province,483843.0,235128.0,680.0,719650.0,235128.0,32.67,67.2,32.7,0.1,100.0,15-10-0032-01,fols
2006,NL,Newfoundland and Labrador,province,497913.0,1933.0,760.0,500610.0,1933.0,0.39,99.5,0.4,0.2,100.0,15-10-0032-01,fols
2006,NS,Nova Scotia,province,869563.0,32223.0,1300.0,903090.0,32223.0,3.57,96.3,3.6,0.1,100.0,15-10-0032-01,fols
2006,NT,Northwest Territories,territory,39725.0,1005.0,320.0,41055.0,1005.0,2.45,96.8,2.4,0.8,100.0,15-10-0032-01,fols
2006,NU,Nunavut,territory,26610.0,425.0,2290.0,29325.0,425.0,1.45,90.7,1.4,7.8,100.0,15-10-0032-01,fols
2006,ON,Ontario,province,11230380.0,537595.0,260925.0,12028895.0,537595.0,4.47,93.4,4.5,2.2,100.0,15-10-0032-01,fols
2006,PE,Prince Edward Island,province,129033.0,5133.0,45.0,134205.0,5133.0,3.82,96.1,3.8,0.0,100.0,15-10-0032-01,fols
2006,QC,Quebec,province,994725.0,6373223.0,67955.0,7435900.0,6373223.0,85.71,13.4,85.7,0.9,100.0,15-10-0032-01,fols
2006,SK,Saskatchewan,province,935868.0,14848.0,3130.0,953850.0,14848.0,1.56,98.1,1.6,0.3,100.0,15-10-0032-01,fols
2006,YT,Yukon,territory,28890.0,1180.0,120.0,30195.0,1180.0,3.91,95.7,3.9,0.4,100.0,15-10-0032-01,fols
2011,AB,Alberta,province,3490505.0,71370.0,48310.0,3610185.0,71370.0,1.98,96.7,2.0,1.3,100.0,15-10-0032-01,fols
2011,BC,British Columbia,province,4151713.0,62193.0,142300.0,4356205.0,62193.0,1.43,95.3,1.4,3.3,100.0,15-10-0032-01,fols
2011,CA,Canada,country,24846713.0,7691708.0,582755.0,33121175.0,7691708.0,23.22,75.0,23.2,1.8,100.0,15-10-0032-01,fols
2011,CA-XQ,Canada outside Quebec,special,23788463.0,1007580.0,509180.0,25305220.0,1007580.0,3.98,94.0,4.0,2.0,100.0,15-10-0032-01,fols
2011,MB,Manitoba,province,1138055.0,41365.0,13670.0,1193095.0,41365.0,3.47,95.4,3.5,1.1,100.0,15-10-0032-01,fols
2011,NB,New Brunswick,province,503328.0,235698.0,870.0,739895.0,235698.0,31.86,68.0,31.9,0.1,100.0,15-10-0032-01,fols
2011,NL,Newfoundland and Labrador,province,507305.0,2100.0,550.0,509950.0,2100.0,0.41,99.5,0.4,0.1,100.0,15-10-0032-01,fols
2011,NS,Nova Scotia,province,878770.0,30330.0,1515.0,910620.0,30330.0,3.33,96.5,3.3,0.2,100.0,15-10-0032-01,fols
2011,NT,Northwest Territories,territory,39730.0,1080.0,225.0,41040.0,1080.0,2.63,96.8,2.6,0.5,100.0,15-10-0032-01,fols
2011,NU,Nunavut,territory,28450.0,475.0,2840.0,31765.0,475.0,1.5,89.6,1.5,8.9,100.0,15-10-0032-01,fols
2011,ON,Ontario,province,11886695.0,542390.0,292980.0,12722065.0,542390.0,4.26,93.4,4.3,2.3,100.0,15-10-0032-01,fols
2011,PE,Prince Edward Island,province,132948.0,4808.0,675.0,138435.0,4808.0,3.47,96.0,3.5,0.5,100.0,15-10-0032-01,fols
2011,QC,Quebec,province,1058250.0,6684125.0,73580.0,7815955.0,6684125.0,85.52,13.5,85.5,0.9,100.0,15-10-0032-01,fols
2011,SK,Saskatchewan,province,998880.0,14290.0,5145.0,1018310.0,14290.0,1.4,98.1,1.4,0.5,100.0,15-10-0032-01,fols
2011,YT,Yukon,territory,32078.0,1483.0,95.0,33655.0,1483.0,4.41,95.3,4.4,0.3,100.0,15-10-0032-01,fols
2016,AB,Alberta,province,3888983.0,79838.0,57830.0,4026650.0,79838.0,1.98,96.6,2.0,1.4,100.0,15-10-0032-01,fols
2016,BC,British Columbia,province,4382335.0,64320.0,151760.0,4598415.0,64320.0,1.4,95.3,1.4,3.3,100.0,15-10-0032-01,fols
2016,CA,Canada,country,26216243.0,7914498.0,636515.0,34767250.0,7914498.0,22.76,75.4,22.8,1.8,100.0,15-10-0032-01,fols
2016,CA-XQ,Canada outside Quebec,special,25112763.0,1024200.0,563740.0,26700695.0,1024200.0,3.84,94.1,3.8,2.1,100.0,15-10-0032-01,fols
2016,MB,Manitoba,province,1204798.0,40978.0,15845.0,1261620.0,40978.0,3.25,95.5,3.2,1.3,100.0,15-10-0032-01,fols
2016,NB,New Brunswick,province,499970.0,234055.0,2255.0,736285.0,234055.0,31.79,67.9,31.8,0.3,100.0,15-10-0032-01,fols
2016,NL,Newfoundland and Labrador,province,512525.0,2430.0,725.0,515680.0,2430.0,0.47,99.4,0.5,0.1,100.0,15-10-0032-01,fols
2016,NS,Nova Scotia,province,880345.0,29370.0,2585.0,912300.0,29370.0,3.22,96.5,3.2,0.3,100.0,15-10-0032-01,fols
2016,NT,Northwest Territories,territory,39950.0,1240.0,195.0,41380.0,1240.0,3.0,96.5,3.0,0.5,100.0,15-10-0032-01,fols
2016,NU,Nunavut,territory,33040.0,630.0,2025.0,35690.0,630.0,1.77,92.6,1.8,5.7,100.0,15-10-0032-01,fols
2016,ON,Ontario,province,12440790.0,550600.0,321475.0,13312870.0,550600.0,4.14,93.4,4.1,2.4,100.0,15-10-0032-01,fols
2016,PE,Prince Edward Island,province,135133.0,4668.0,1220.0,141020.0,4668.0,3.31,95.8,3.3,0.9,100.0,15-10-0032-01,fols
2016,QC,Quebec,province,1103480.0,6890300.0,72775.0,8066555.0,6890300.0,85.42,13.7,85.4,0.9,100.0,15-10-0032-01,fols
2016,SK,Saskatchewan,province,1061115.0,14440.0,7685.0,1083240.0,14440.0,1.33,98.0,1.3,0.7,100.0,15-10-0032-01,fols
2016,YT,Yukon,territory,33788.0,1638.0,135.0,35560.0,1638.0,4.61,95.0,4.6,0.4,100.0,15-10-0032-01,fols
2021,AB,Alberta,province,4085898.0,72208.0,63735.0,4221835.0,72208.0,1.71,96.8,1.7,1.5,100.0,15-10-0032-01,fols
2021,BC,British Columbia,province,4727268.0,65568.0,158820.0,4951655.0,65568.0,1.32,95.5,1.3,3.2,100.0,15-10-0032-01,fols
2021,CA,Canada,country,27881223.0,8066633.0,673100.0,36620955.0,8066633.0,22.03,76.1,22.0,1.8,100.0,15-10-0032-01,fols
2021,CA-XQ,Canada outside Quebec,special,26627645.0,992310.0,594100.0,28214050.0,992310.0,3.52,94.4,3.5,2.1,100.0,15-10-0032-01,fols
2021,MB,Manitoba,province,1271888.0,38373.0,16555.0,1326810.0,38373.0,2.89,95.9,2.9,1.2,100.0,15-10-0032-01,fols
2021,NB,New Brunswick,province,531075.0,231850.0,1710.0,764630.0,231850.0,30.32,69.5,30.3,0.2,100.0,15-10-0032-01,fols
2021,NL,Newfoundland and Labrador,province,501815.0,2285.0,705.0,504805.0,2285.0,0.45,99.4,0.5,0.1,100.0,15-10-0032-01,fols
2021,NS,Nova Scotia,province,928023.0,27938.0,3030.0,958990.0,27938.0,2.91,96.8,2.9,0.3,100.0,15-10-0032-01,fols
2021,NT,Northwest Territories,territory,39135.0,1210.0,195.0,40545.0,1210.0,2.98,96.5,3.0,0.5,100.0,15-10-0032-01,fols
2021,NU,Nunavut,territory,33998.0,623.0,2020.0,36640.0,623.0,1.7,92.8,1.7,5.5,100.0,15-10-0032-01,fols
2021,ON,Ontario,province,13228673.0,533558.0,337560.0,14099790.0,533558.0,3.78,93.8,3.8,2.4,100.0,15-10-0032-01,fols
2021,PE,Prince Edward Island,province,146475.0,4560.0,1425.0,152460.0,4560.0,2.99,96.1,3.0,0.9,100.0,15-10-0032-01,fols
2021,QC,Quebec,province,1253578.0,7074323.0,79000.0,8406905.0,7074323.0,84.15,14.9,84.1,0.9,100.0,15-10-0032-01,fols
2021,SK,Saskatchewan,province,1095603.0,12243.0,8200.0,1116040.0,12243.0,1.1,98.2,1.1,0.7,100.0,15-10-0032-01,fols
2021,YT,Yukon,territory,37805.0,1895.0,135.0,39840.0,1895.0,4.76,94.9,4.8,0.3,100.0,15-10-0032-01,fols
